,SYMBOLS,AvsB,AvsL,BvsL
200071_at,SMNDC1,-1,0,0
200600_at,MSN,-1,0,0
200615_s_at,AP2B1,0,-1,0
200618_at,LASP1,1,0,0
200632_s_at,NDRG1,0,1,0
200670_at,XBP1,1,0,-1
200762_at,DPYSL2,-1,0,0
200824_at,GSTP1,0,0,1
200831_s_at,SCD,1,0,0
200832_s_at,SCD,1,0,0
200862_at,DHCR24,1,1,0
200868_s_at,RNF114,1,1,0
200961_at,SEPHS2,1,0,0
200972_at,TSPAN3,-1,-1,0
200973_s_at,TSPAN3,-1,0,0
201030_x_at,LDHB,-1,0,1
201037_at,PFKP,0,0,1
201095_at,DAP,1,1,0
201131_s_at,CDH1,1,0,-1
201161_s_at,YBX3,0,0,1
201181_at,GNAI3,-1,0,0
201196_s_at,AMD1,-1,0,1
201197_at,AMD1,-1,0,1
201218_at,CTBP2,0,-1,0
201236_s_at,BTG2,0,-1,-1
201242_s_at,ATP1B1,0,-1,0
201243_s_at,ATP1B1,0,-1,0
201251_at,PKM,0,0,1
201272_at,AKR1B1,-1,0,0
201291_s_at,TOP2A,-1,-1,0
201292_at,TOP2A,-1,-1,0
201324_at,EMP1,-1,0,0
201325_s_at,EMP1,-1,0,0
201349_at,SLC9A3R1,1,0,-1
201397_at,PHGDH,0,0,1
201467_s_at,NQO1,1,0,-1
201468_s_at,NQO1,1,0,-1
201525_at,APOD,1,0,0
201562_s_at,SORD,1,0,-1
201563_at,SORD,1,0,0
201582_at,SEC23B,1,0,0
201583_s_at,SEC23B,1,0,0
201596_x_at,KRT18,1,0,-1
201641_at,BST2,0,-1,-1
201644_at,TSTA3,1,0,0
201650_at,KRT19,1,0,-1
201690_s_at,TPD52,1,0,0
201691_s_at,TPD52,1,0,0
201701_s_at,PGRMC2,1,1,0
201719_s_at,EPB41L2,-1,0,0
201743_at,CD14,-1,0,1
201795_at,LBR,-1,0,1
201825_s_at,SCCPDH,0,-1,0
201826_s_at,SCCPDH,0,-1,0
201842_s_at,EFEMP1,-1,0,0
201843_s_at,EFEMP1,-1,0,0
201858_s_at,SRGN,-1,0,0
201860_s_at,PLAT,0,-1,-1
201876_at,PON2,1,0,0
201900_s_at,AKR1A1,1,0,0
201951_at,ALCAM,1,1,0
201952_at,ALCAM,1,1,0
201963_at,ACSL1,0,1,0
201976_s_at,MYO10,0,1,1
201983_s_at,EGFR,0,1,0
201986_at,MED13,0,-1,0
201987_at,MED13,0,-1,0
202037_s_at,SFRP1,-1,0,1
202071_at,SDC4,0,0,-1
202073_at,OPTN,-1,0,0
202074_s_at,OPTN,-1,0,0
202075_s_at,PLTP,-1,0,1
202086_at,MX1,0,-1,0
202087_s_at,CTSL,-1,0,0
202088_at,SLC39A6,0,-1,-1
202089_s_at,SLC39A6,0,-1,-1
202109_at,ARFIP2,1,0,0
202118_s_at,CPNE3,1,0,0
202133_at,WWTR1,-1,0,1
202156_s_at,CELF2,-1,0,0
202157_s_at,CELF2,-1,0,0
202158_s_at,CELF2,-1,0,0
202173_s_at,VEZF1,0,0,-1
202201_at,BLVRB,1,0,0
202207_at,ARL4C,-1,0,0
202234_s_at,SLC16A1,-1,0,1
202237_at,NNMT,-1,0,0
202238_s_at,NNMT,-1,0,0
202243_s_at,PSMB4,0,0,1
202275_at,G6PD,1,0,0
202308_at,SREBF1,1,0,0
202336_s_at,PAM,-1,0,0
202338_at,TK1,0,1,0
202342_s_at,TRIM2,0,0,1
202345_s_at,FABP5,-1,0,1
202357_s_at,CFB,0,-1,-1
202387_at,BAG1,-1,0,0
202391_at,BASP1,-1,0,0
202396_at,TCERG1,-1,0,0
202422_s_at,ACSL4,-1,0,0
202430_s_at,PLSCR1,-1,-1,0
202431_s_at,MYC,-1,0,1
202446_s_at,PLSCR1,-1,-1,0
202454_s_at,ERBB3,0,0,-1
202497_x_at,SLC2A3,-1,0,1
202499_s_at,SLC2A3,-1,0,1
202528_at,GALE,1,0,0
202557_at,HSPA13,-1,0,0
202575_at,CRABP2,0,-1,0
202579_x_at,HMGN4,-1,0,0
202580_x_at,FOXM1,-1,0,0
202589_at,TYMS,-1,0,0
202609_at,EPS8,0,0,-1
202625_at,LYN,-1,0,1
202626_s_at,LYN,-1,0,1
202641_at,ARL3,0,-1,0
202647_s_at,NRAS,-1,0,0
202660_at,ITPR2,-1,0,1
202666_s_at,ACTL6A,-1,0,0
202672_s_at,ATF3,-1,0,1
202680_at,GTF2E2,-1,0,0
202690_s_at,SNRPD1,-1,0,0
202691_at,SNRPD1,-1,0,0
202704_at,TOB1,1,0,-1
202741_at,PRKACB,1,1,0
202742_s_at,PRKACB,1,1,0
202743_at,PIK3R3,1,0,0
202770_s_at,CCNG2,0,0,-1
202780_at,OXCT1,0,1,0
202786_at,STK39,0,-1,-1
202854_at,HPRT1,-1,-1,0
202859_x_at,CXCL8,0,0,1
202862_at,FAH,1,1,0
202870_s_at,CDC20,-1,0,1
202908_at,WFS1,0,0,-1
202912_at,ADM,0,1,1
202942_at,ETFB,1,1,0
202957_at,HCLS1,-1,0,0
202975_s_at,RHOBTB3,0,-1,0
202988_s_at,RGS1,-1,0,0
203021_at,SLPI,0,1,0
203058_s_at,PAPSS2,1,1,0
203059_s_at,PAPSS2,1,1,0
203060_s_at,PAPSS2,1,1,0
203120_at,TP53BP2,-1,0,0
203126_at,IMPA2,0,0,1
203127_s_at,SPTLC2,1,0,0
203128_at,SPTLC2,1,0,0
203139_at,DAPK1,-1,0,0
203153_at,IFIT1,0,-1,0
203180_at,ALDH1A3,0,1,0
203186_s_at,S100A4,-1,0,0
203207_s_at,MTFR1,1,0,0
203211_s_at,MTMR2,-1,0,0
203215_s_at,MYO6,1,0,0
203222_s_at,TLE1,1,1,0
203263_s_at,ARHGEF9,0,0,1
203302_at,DCK,-1,0,0
203324_s_at,CAV2,-1,0,1
203343_at,UGDH,1,0,-1
203358_s_at,EZH2,-1,0,0
203414_at,MMD,0,-1,0
203431_s_at,ARHGAP32,1,0,0
203434_s_at,MME,-1,0,1
203453_at,SCNN1A,1,0,-1
203476_at,TPBG,0,-1,-1
203485_at,RTN1,0,-1,0
203548_s_at,LPL,-1,0,0
203549_s_at,LPL,-1,0,0
203554_x_at,PTTG1,-1,0,1
203561_at,FCGR2A,-1,0,0
203566_s_at,AGL,0,-1,-1
203574_at,NFIL3,0,0,1
203595_s_at,IFIT5,0,-1,0
203603_s_at,ZEB2,-1,0,0
203620_s_at,FCHSD2,0,-1,0
203625_x_at,SKP2,0,0,1
203627_at,IGF1R,0,-1,0
203632_s_at,GPRC5B,0,1,0
203636_at,MID1,-1,0,1
203637_s_at,MID1,-1,0,1
203638_s_at,FGFR2,-1,-1,0
203645_s_at,CD163,-1,0,1
203675_at,NUCB2,1,0,-1
203685_at,BCL2,-1,-1,0
203690_at,TUBGCP3,-1,0,0
203693_s_at,E2F3,-1,0,0
203706_s_at,FZD7,-1,0,0
203740_at,MPHOSPH6,1,1,0
203741_s_at,ADCY7,-1,-1,0
203749_s_at,RARA,0,0,-1
203755_at,BUB1B,-1,0,0
203780_at,MPZL2,0,0,1
203789_s_at,SEMA3C,0,0,-1
203797_at,VSNL1,-1,0,1
203798_s_at,VSNL1,-1,0,1
203814_s_at,NQO2,1,1,0
203824_at,TSPAN8,1,1,0
203837_at,MAP3K5,0,1,0
203855_at,WDR47,-1,0,0
203881_s_at,DMD,-1,0,1
203882_at,IRF9,0,-1,0
203889_at,SCG5,-1,0,0
203896_s_at,PLCB4,0,0,-1
203909_at,SLC9A6,-1,0,1
203929_s_at,MAPT,0,0,-1
203963_at,CA12,0,0,-1
203988_s_at,FUT8,0,-1,-1
204001_at,SNAPC3,-1,0,0
204014_at,DUSP4,1,0,-1
204015_s_at,DUSP4,1,0,0
204023_at,RFC4,-1,0,0
204033_at,TRIP13,0,0,1
204041_at,MAOB,0,-1,-1
204044_at,QPRT,1,0,0
204061_at,PRKX,-1,0,1
204070_at,PLAAT4,0,0,-1
204143_s_at,ENOSF1,1,0,0
204146_at,RAD51AP1,-1,0,0
204162_at,NDC80,-1,0,0
204165_at,WASF1,-1,0,0
204170_s_at,CKS2,-1,0,0
204203_at,CEBPG,-1,0,1
204238_s_at,DNPH1,-1,0,1
204241_at,ACOX3,1,0,0
204256_at,ELOVL6,-1,0,0
204259_at,MMP7,-1,0,0
204268_at,S100A2,-1,0,0
204285_s_at,PMAIP1,-1,-1,0
204286_s_at,PMAIP1,-1,-1,0
204304_s_at,PROM1,-1,0,1
204306_s_at,CD151,1,0,0
204319_s_at,RGS10,-1,0,0
204347_at,AK4,1,1,0
204348_s_at,AK4,1,0,0
204352_at,TRAF5,0,-1,0
204364_s_at,REEP1,1,0,0
204365_s_at,REEP1,1,0,0
204379_s_at,FGFR3,0,0,-1
204385_at,KYNU,1,1,0
204388_s_at,MAOA,1,1,0
204389_at,MAOA,1,0,0
204401_at,KCNN4,0,0,1
204430_s_at,SLC2A5,0,0,1
204438_at,MRC1,-1,0,0
204439_at,IFI44L,-1,-1,0
204444_at,KIF11,-1,0,0
204470_at,CXCL1,-1,0,1
204485_s_at,TOM1L1,0,0,-1
204497_at,ADCY9,0,-1,0
204508_s_at,CA12,0,0,-1
204521_at,FAM216A,-1,0,1
204540_at,EEF1A2,0,0,-1
204542_at,ST6GALNAC2,0,-1,-1
204547_at,RAB40B,-1,0,0
204554_at,PPP1R3D,1,0,0
204557_s_at,DZIP1,-1,0,1
204573_at,CROT,1,1,0
204579_at,FGFR4,1,0,0
204580_at,MMP12,0,0,1
204607_at,HMGCS2,1,0,0
204623_at,TFF3,0,-1,-1
204624_at,ATP7B,0,-1,-1
204641_at,NEK2,-1,0,0
204653_at,TFAP2A,0,0,-1
204667_at,FOXA1,1,0,-1
204669_s_at,RNF24,1,1,0
204675_at,SRD5A1,0,1,0
204686_at,IRS1,0,0,-1
204700_x_at,UTP25,-1,0,0
204709_s_at,KIF23,-1,0,0
204774_at,EVI2A,-1,0,0
204787_at,VSIG4,-1,0,1
204818_at,HSD17B2,0,1,0
204822_at,TTK,-1,0,1
204825_at,MELK,-1,0,0
204855_at,SERPINB5,-1,0,1
204863_s_at,IL6ST,0,-1,-1
204942_s_at,ALDH3B2,1,1,-1
204959_at,MNDA,-1,0,0
204972_at,OAS2,0,-1,0
204973_at,GJB1,1,1,0
204981_at,SLC22A18,1,0,0
205006_s_at,NMT2,-1,0,0
205009_at,TFF1,0,-1,-1
205027_s_at,MAP3K8,-1,0,0
205029_s_at,FABP7,0,1,0
205030_at,FABP7,0,1,1
205044_at,GABRP,-1,0,1
205047_s_at,ASNS,-1,0,1
205051_s_at,KIT,-1,0,0
205073_at,CYP2J2,1,1,0
205081_at,CRIP1,0,0,-1
205084_at,BCAP29,1,0,0
205098_at,CCR1,-1,0,0
205120_s_at,SGCB,-1,-1,0
205150_s_at,TRIL,1,0,-1
205151_s_at,TRIL,1,0,-1
205160_at,PEX11A,1,0,0
205164_at,GCAT,1,0,0
205174_s_at,QPCT,-1,0,0
205186_at,DNALI1,0,-1,-1
205190_at,PLS1,0,0,-1
205197_s_at,ATP7A,1,1,0
205221_at,HGD,1,1,0
205225_at,ESR1,0,-1,-1
205237_at,FCN1,-1,0,0
205239_at,AREG,0,0,-1
205253_at,PBX1,0,0,-1
205258_at,INHBB,0,1,0
205260_s_at,ACYP1,-1,0,0
205306_x_at,KMO,1,1,0
205307_s_at,KMO,1,1,0
205311_at,DDC,1,1,0
205350_at,CRABP1,-1,0,1
205361_s_at,PFDN4,0,-1,0
205364_at,ACOX2,1,0,0
205376_at,INPP4B,1,0,-1
205379_at,CBR3,0,1,0
205380_at,PDZK1,0,-1,-1
205401_at,AGPS,-1,-1,0
205440_s_at,NPY1R,0,-1,0
205453_at,HOXB2,1,0,0
205466_s_at,HS3ST1,0,0,1
205471_s_at,DACH1,1,0,-1
205498_at,GHR,1,1,0
205541_s_at,GSPT2,-1,0,1
205548_s_at,BTG3,-1,0,1
205552_s_at,OAS1,0,-1,0
205555_s_at,MSX2,1,1,0
205567_at,CHST1,1,1,0
205568_at,AQP9,0,0,1
205569_at,LAMP3,-1,0,0
205590_at,RASGRP1,-1,0,0
205597_at,SLC44A4,0,0,-1
205603_s_at,DIAPH2,-1,0,1
205624_at,CPA3,0,-1,-1
205681_at,BCL2A1,-1,0,1
205691_at,SYNGR3,0,-1,0
205696_s_at,GFRA1,0,-1,-1
205776_at,FMO5,1,0,0
205780_at,BIK,1,0,0
205819_at,MARCO,-1,0,1
205830_at,CLGN,1,0,0
205843_x_at,CRAT,1,0,0
205862_at,GREB1,0,-1,-1
205879_x_at,RET,0,0,-1
205961_s_at,PSIP1,-1,-1,0
206002_at,ADGRG2,-1,0,1
206059_at,ZNF91,0,0,-1
206102_at,GINS1,-1,0,0
206115_at,EGR3,0,-1,0
206155_at,ABCC2,1,1,0
206157_at,PTX3,-1,0,1
206164_at,CLCA2,1,1,0
206165_s_at,CLCA2,1,1,0
206166_s_at,CLCA2,1,1,0
206167_s_at,ARHGAP6,0,-1,0
206247_at,MICB,-1,-1,0
206254_at,EGF,1,0,0
206332_s_at,IFI16,-1,0,0
206346_at,PRLR,1,0,0
206373_at,ZIC1,-1,0,0
206378_at,SCGB2A2,0,0,-1
206391_at,RARRES1,0,0,1
206392_s_at,RARRES1,0,0,1
206463_s_at,DHRS2,1,1,0
206482_at,PTK6,1,0,0
206509_at,PIP,1,1,-1
206513_at,AIM2,-1,0,0
206560_s_at,MIA,-1,0,1
206561_s_at,AKR1B10,1,1,0
206584_at,LY96,-1,0,0
206595_at,CST6,0,0,-1
206656_s_at,APMAP,1,0,0
206683_at,ZNF165,-1,0,0
206714_at,ALOX15B,1,1,0
206770_s_at,SLC35A3,1,0,0
206799_at,SCGB1D2,0,0,-1
206827_s_at,TRPV6,1,1,0
206945_at,LCT,0,1,0
207039_at,CDKN2A,-1,0,1
207076_s_at,ASS1,0,1,0
207102_at,AKR1D1,1,1,0
207181_s_at,CASP7,0,-1,0
207275_s_at,ACSL1,0,1,0
207469_s_at,PIR,0,1,0
207571_x_at,THEMIS2,-1,0,0
207700_s_at,NCOA3,1,0,-1
207828_s_at,CENPF,-1,0,0
207843_x_at,CYB5A,1,1,0
207981_s_at,ESRRG,1,1,0
208103_s_at,ANP32E,-1,-1,1
208180_s_at,HIST1H4H,1,0,0
208370_s_at,RCAN1,0,0,1
208682_s_at,MAGED2,1,0,0
208690_s_at,PDLIM1,1,0,0
208702_x_at,APLP2,0,1,0
208711_s_at,CCND1,0,0,-1
208712_at,CCND1,0,0,-1
208763_s_at,TSC22D3,1,0,0
208788_at,ELOVL5,1,0,-1
208791_at,CLU,1,0,0
208792_s_at,CLU,1,0,0
208854_s_at,STK24,-1,0,0
208872_s_at,REEP5,1,1,0
208873_s_at,REEP5,1,0,0
208875_s_at,PAK2,-1,0,0
208892_s_at,DUSP6,1,0,0
208896_at,DDX18,-1,0,0
208924_at,RNF11,1,0,0
208925_at,CLDND1,-1,0,0
208933_s_at,LGALS8,0,0,-1
208935_s_at,LGALS8,0,-1,0
208965_s_at,IFI16,-1,0,0
208966_x_at,IFI16,-1,0,0
208997_s_at,UCP2,1,0,0
208998_at,UCP2,1,0,0
209008_x_at,KRT8,1,0,-1
209016_s_at,KRT7,0,1,0
209031_at,CADM1,-1,0,0
209048_s_at,ZMYND8,1,0,0
209049_s_at,ZMYND8,1,0,0
209083_at,CORO1A,-1,0,0
209112_at,CDKN1B,0,-1,0
209114_at,TSPAN1,0,0,-1
209122_at,PLIN2,-1,0,1
209135_at,ASPH,1,0,0
209146_at,MSMO1,1,0,0
209163_at,CYB561,1,0,0
209164_s_at,CYB561,1,0,0
209167_at,GPM6B,-1,0,1
209169_at,GPM6B,-1,0,1
209170_s_at,GPM6B,-1,0,1
209172_s_at,CENPF,-1,0,0
209173_at,AGR2,1,0,-1
209183_s_at,DEPP1,-1,0,0
209184_s_at,IRS2,-1,0,0
209185_s_at,IRS2,-1,0,0
209191_at,TUBB6,-1,0,0
209258_s_at,SMC3,-1,0,0
209259_s_at,SMC3,-1,0,0
209272_at,NAB1,-1,0,0
209283_at,CRYAB,0,0,1
209288_s_at,CDC42EP3,-1,0,0
209289_at,NFIB,0,0,1
209306_s_at,SWAP70,1,1,0
209308_s_at,BNIP2,-1,0,0
209309_at,AZGP1,1,0,0
209337_at,PSIP1,-1,-1,0
209341_s_at,IKBKB,0,-1,0
209343_at,EFHD1,1,0,0
209366_x_at,CYB5A,1,1,0
209380_s_at,ABCC5,0,-1,0
209386_at,TM4SF1,-1,0,1
209387_s_at,TM4SF1,-1,0,1
209389_x_at,DBI,0,1,0
209395_at,CHI3L1,-1,0,1
209396_s_at,CHI3L1,-1,0,1
209397_at,ME2,-1,0,0
209417_s_at,IFI35,0,-1,0
209443_at,SERPINA5,0,-1,-1
209459_s_at,ABAT,1,-1,-1
209460_at,ABAT,1,-1,-1
209480_at,HLA-DQB1,0,1,1
209504_s_at,PLEKHB1,-1,0,0
209522_s_at,CRAT,1,0,0
209524_at,HDGFL3,0,-1,0
209526_s_at,HDGFL3,0,-1,0
209531_at,GSTZ1,1,0,0
209539_at,ARHGEF6,-1,0,0
209602_s_at,GATA3,1,-1,-1
209603_at,GATA3,1,-1,-1
209604_s_at,GATA3,1,-1,-1
209616_s_at,CES1,1,1,0
209624_s_at,MCCC2,1,0,0
209626_s_at,OSBPL3,0,0,1
209642_at,BUB1,-1,0,1
209644_x_at,CDKN2A,-1,0,1
209648_x_at,SOCS5,-1,0,0
209696_at,FBP1,0,0,-1
209710_at,GATA2,0,0,-1
209778_at,TRIP11,1,0,0
209786_at,HMGN4,-1,-1,0
209787_s_at,HMGN4,-1,-1,0
209790_s_at,CASP6,1,0,0
209799_at,PRKAA1,1,1,0
209800_at,KRT16,-1,0,1
209807_s_at,NFIX,0,0,1
209822_s_at,VLDLR,0,1,0
209842_at,SOX10,-1,0,1
209890_at,TSPAN5,1,0,0
209900_s_at,SLC16A1,-1,0,1
209917_s_at,TP53TG1,1,1,0
209949_at,NCF2,-1,0,0
209966_x_at,ESRRG,1,0,0
209988_s_at,ASCL1,0,-1,-1
210010_s_at,SLC25A1,0,0,-1
210024_s_at,UBE2E3,-1,0,0
210056_at,RND1,1,0,0
210074_at,CTSV,-1,0,0
210085_s_at,ANXA9,0,0,-1
210095_s_at,IGFBP3,-1,0,1
210096_at,CYP4B1,0,0,-1
210105_s_at,FYN,-1,0,0
210130_s_at,TM7SF2,1,0,-1
210136_at,MBP,-1,0,0
210145_at,PLA2G4A,-1,0,1
210147_at,ART3,-1,0,1
210176_at,TLR1,-1,0,0
210241_s_at,TP53TG1,1,0,0
210319_x_at,MSX2,1,1,0
210347_s_at,BCL11A,0,0,1
210445_at,FABP6,1,1,0
210513_s_at,VEGFA,0,1,0
210519_s_at,NQO1,1,0,-1
210652_s_at,TTC39A,1,0,-1
210663_s_at,KYNU,1,1,0
210719_s_at,HMG20B,1,0,-1
210735_s_at,CA12,0,0,-1
210791_s_at,ARHGAP32,1,0,0
210830_s_at,PON2,1,1,0
210859_x_at,CLN3,1,0,0
210886_x_at,TP53TG1,1,0,0
210889_s_at,FCGR2B,-1,0,0
210896_s_at,ASPH,1,1,0
210942_s_at,ST3GAL6,-1,0,1
210959_s_at,SRD5A1,0,1,0
210976_s_at,PFKM,0,-1,0
211000_s_at,IL6ST,0,-1,0
211056_s_at,SRD5A1,0,1,0
211063_s_at,NCK1,-1,0,0
211070_x_at,DBI,0,1,0
211110_s_at,AR,1,1,0
211138_s_at,KMO,1,1,0
211162_x_at,SCD,1,0,0
211368_s_at,CASP1,-1,0,0
211404_s_at,APLP2,0,1,0
211416_x_at,GGTLC1,1,1,0
211421_s_at,RET,0,-1,-1
211423_s_at,SC5D,1,0,0
211621_at,AR,1,1,-1
211623_s_at,FBL,-1,0,0
211682_x_at,UGT2B28,1,1,0
211708_s_at,SCD,1,1,0
211712_s_at,ANXA9,0,-1,-1
211756_at,PTHLH,0,-1,-1
211953_s_at,IPO5,-1,-1,0
211954_s_at,IPO5,-1,0,0
211955_at,IPO5,-1,0,0
211988_at,SMARCE1,0,-1,0
212023_s_at,MKI67,-1,0,0
212036_s_at,PNN,-1,0,0
212051_at,WIPF2,0,-1,-1
212055_at,TPGS2,-1,0,0
212056_at,GSE1,1,0,0
212057_at,GSE1,1,0,-1
212095_s_at,MTUS1,1,0,0
212099_at,RHOB,0,0,-1
212110_at,SLC39A14,-1,0,0
212148_at,PBX1,0,0,-1
212151_at,PBX1,0,0,-1
212176_at,PNISR,-1,0,0
212179_at,PNISR,-1,-1,0
212190_at,SERPINE2,-1,0,1
212195_at,IL6ST,0,-1,-1
212196_at,IL6ST,0,-1,-1
212202_s_at,TMEM87A,1,0,0
212218_s_at,FASN,1,1,0
212240_s_at,PIK3R1,1,0,0
212256_at,GALNT10,1,0,-1
212262_at,QKI,-1,0,0
212265_at,QKI,-1,0,0
212287_at,SUZ12,0,-1,0
212314_at,SEL1L3,-1,-1,0
212325_at,LIMCH1,0,1,0
212330_at,TFDP1,-1,-1,0
212339_at,EPB41L1,0,-1,0
212417_at,SCAMP1,0,0,-1
212442_s_at,CERS6,1,0,-1
212446_s_at,CERS6,1,0,-1
212458_at,SPRED2,1,0,-1
212492_s_at,KDM4B,1,0,0
212510_at,GPD1L,1,0,-1
212531_at,LCN2,0,0,1
212543_at,CRYBG1,0,1,0
212551_at,CAP2,0,-1,-1
212554_at,CAP2,0,-1,-1
212569_at,SMCHD1,-1,0,0
212607_at,AKT3,-1,0,0
212609_s_at,AKT3,-1,0,0
212636_at,QKI,-1,0,0
212638_s_at,WWP1,1,0,-1
212676_at,NF1,0,-1,0
212678_at,NF1,0,-1,0
212692_s_at,LRBA,1,0,0
212730_at,SYNM,-1,0,1
212741_at,MAOA,1,0,0
212761_at,TCF7L2,-1,0,0
212762_s_at,TCF7L2,-1,0,0
212771_at,FAM171A1,-1,0,1
212830_at,MEGF9,1,0,0
212887_at,SEC23A,-1,-1,0
212899_at,CDK19,-1,0,0
212935_at,MCF2L,0,-1,-1
212956_at,TBC1D9,0,0,-1
212958_x_at,PAM,-1,0,0
212973_at,RPIA,-1,0,0
212982_at,ZDHHC17,0,-1,0
212999_x_at,HLA-DQB1,0,0,1
213005_s_at,KANK1,-1,0,0
213029_at,NFIB,-1,0,1
213060_s_at,CHI3L2,0,0,1
213110_s_at,COL4A5,1,0,-1
213113_s_at,SLC43A3,0,0,1
213122_at,TSPYL5,-1,0,0
213134_x_at,BTG3,-1,0,1
213170_at,GPX7,-1,0,0
213217_at,ADCY2,0,1,0
213227_at,PGRMC2,1,0,0
213234_at,FAM234B,1,0,0
213245_at,ADCY1,0,-1,0
213256_at,MARCH3,-1,0,0
213260_at,FOXC1,-1,0,1
213262_at,SACS,-1,0,0
213285_at,TMEM30B,0,0,-1
213293_s_at,TRIM22,-1,-1,0
213294_at,EIF2AK2,-1,-1,0
213298_at,NFIC,1,0,0
213309_at,PLCL2,-1,0,0
213338_at,TMEM158,-1,0,1
213341_at,FEM1C,1,1,0
213346_at,TEX30,-1,0,0
213355_at,ST3GAL6,-1,0,1
213400_s_at,TBL1X,-1,-1,0
213410_at,EDRF1,-1,0,0
213418_at,HSPA6,-1,0,1
213419_at,APBB2,0,0,-1
213441_x_at,SPDEF,1,0,0
213508_at,SPTSSA,1,1,0
213511_s_at,MTMR1,-1,0,0
213523_at,CCNE1,-1,0,1
213547_at,CAND2,-1,0,0
213564_x_at,LDHB,-1,0,1
213581_at,PDCD2,-1,0,0
213624_at,SMPDL3A,0,1,0
213627_at,MAGED2,1,0,0
213664_at,SLC1A1,1,0,-1
213680_at,KRT6B,-1,0,1
213831_at,HLA-DQA1,0,1,1
213888_s_at,TRAF3IP3,-1,0,1
213906_at,MYBL1,-1,-1,0
213982_s_at,RABGAP1L,-1,0,0
213992_at,COL4A6,0,0,-1
214022_s_at,IFITM1,0,-1,0
214038_at,CCL8,-1,0,0
214053_at,ERBB4,1,0,-1
214059_at,IFI44,0,-1,0
214077_x_at,MEIS3P1,0,-1,-1
214079_at,DHRS2,1,1,-1
214104_at,GPR161,-1,0,0
214109_at,LRBA,1,0,-1
214157_at,GNAS,1,0,0
214164_x_at,CA12,0,0,-1
214218_s_at,XIST,0,0,-1
214240_at,GAL,-1,0,1
214307_at,HGD,1,0,0
214308_s_at,HGD,1,0,0
214323_s_at,UPF3A,0,-1,0
214404_x_at,SPDEF,1,0,-1
214440_at,NAT1,0,-1,-1
214451_at,TFAP2B,1,1,-1
214511_x_at,FCGR1B,-1,0,0
214598_at,CLDN8,1,1,0
214670_at,ZKSCAN1,1,0,0
214723_x_at,ANKRD36,-1,0,0
214733_s_at,YIPF1,1,0,0
214765_s_at,NAAA,0,1,0
214774_x_at,TOX3,0,0,-1
214858_at,LOC100130449,0,0,-1
214875_x_at,APLP2,0,1,0
214974_x_at,CXCL5,-1,0,1
215034_s_at,TM4SF1,-1,0,1
215049_x_at,CD163,-1,0,1
215108_x_at,TOX3,0,0,-1
215245_x_at,FMR1,-1,0,0
215416_s_at,STOML2,-1,0,0
215465_at,ABCA12,1,1,0
215696_s_at,SEC16A,1,0,0
215726_s_at,CYB5A,1,1,0
215729_s_at,VGLL1,-1,0,1
215856_at,SIGLEC15,1,1,0
215867_x_at,CA12,0,0,-1
216035_x_at,TCF7L2,-1,0,0
216060_s_at,DAAM1,0,0,-1
216202_s_at,SPTLC2,1,0,0
216222_s_at,MYO10,0,1,0
216598_s_at,CCL2,-1,0,1
216623_x_at,TOX3,0,0,-1
216693_x_at,HDGFL3,0,-1,0
216834_at,RGS1,-1,0,0
216836_s_at,ERBB2,1,0,0
217276_x_at,SERHL2,1,1,0
217284_x_at,SERHL2,1,1,0
217356_s_at,PGK1,0,1,0
217388_s_at,KYNU,0,1,0
217528_at,CLCA2,1,1,0
217562_at,BRINP3,1,1,0
217728_at,S100A6,-1,0,0
217833_at,SYNCRIP,-1,0,0
217838_s_at,EVL,0,-1,-1
217889_s_at,CYBRD1,1,1,0
217973_at,DCXR,1,0,0
217979_at,TSPAN13,1,0,-1
217996_at,PHLDA1,-1,0,0
218025_s_at,ECI2,1,0,-1
218035_s_at,RBM47,1,0,0
218067_s_at,ARGLU1,-1,0,0
218082_s_at,UBP1,-1,0,0
218092_s_at,AGFG1,0,1,0
218096_at,AGPAT5,0,0,1
218100_s_at,IFT57,-1,0,0
218124_at,RETSAT,1,0,0
218159_at,DDRGK1,1,0,0
218174_s_at,TMEM254,1,0,0
218195_at,ARMT1,0,-1,-1
218205_s_at,MKNK2,1,0,0
218211_s_at,MLPH,1,0,-1
218224_at,PNMA1,0,-1,0
218236_s_at,PRKD3,-1,0,1
218237_s_at,SLC38A1,1,0,0
218242_s_at,KMT5B,0,0,-1
218247_s_at,MEX3C,-1,-1,0
218273_s_at,PDP1,1,0,0
218309_at,CAMK2N1,0,0,-1
218313_s_at,GALNT7,1,0,0
218319_at,PELI1,-1,0,1
218330_s_at,NAV2,-1,-1,0
218331_s_at,TASOR2,-1,-1,0
218350_s_at,GMNN,-1,0,0
218397_at,FANCL,-1,0,0
218409_s_at,DNAJC1,0,0,-1
218434_s_at,AACS,1,0,0
218438_s_at,MED28,-1,0,0
218440_at,MCCC1,0,1,0
218499_at,STK26,-1,-1,0
218502_s_at,TRPS1,0,-1,0
218531_at,TMEM134,1,0,0
218542_at,CEP55,-1,0,0
218546_at,C1orf115,1,0,0
218552_at,ECHDC2,1,0,0
218618_s_at,FNDC3B,0,0,1
218640_s_at,PLEKHF2,0,0,-1
218677_at,S100A14,0,-1,0
218684_at,LRRC8D,-1,0,0
218694_at,ARMCX1,-1,-1,0
218728_s_at,CNIH4,-1,0,0
218729_at,LXN,-1,0,0
218738_s_at,RNF138,-1,-1,0
218755_at,KIF20A,-1,0,1
218757_s_at,UPF3B,-1,0,1
218776_s_at,TMEM62,1,0,0
218793_s_at,SCML1,-1,0,0
218800_at,SRD5A3,1,1,0
218804_at,ANO1,0,0,-1
218806_s_at,VAV3,1,0,-1
218807_at,VAV3,1,0,-1
218823_s_at,KCTD9,0,0,1
218824_at,PNMA8A,-1,0,0
218844_at,ACSF2,1,0,0
218847_at,IGF2BP2,-1,0,1
218852_at,PPP2R3C,-1,0,0
218854_at,DSE,-1,0,0
218856_at,TNFRSF21,-1,0,0
218858_at,DEPTOR,1,0,0
218868_at,ACTR3B,-1,0,0
218875_s_at,FBXO5,-1,0,0
218877_s_at,TRMT11,-1,0,1
218901_at,PLSCR4,-1,-1,0
218902_at,NOTCH1,-1,0,0
218922_s_at,CERS4,1,0,0
218924_s_at,CTBS,1,1,0
218957_s_at,PAAF1,0,0,-1
218959_at,HOXC10,0,0,-1
218963_s_at,KRT23,-1,0,1
218966_at,MYO5C,0,0,-1
218976_at,DNAJC12,0,0,-1
218986_s_at,DDX60,0,-1,0
219001_s_at,DCAF10,0,-1,0
219006_at,NDUFAF4,-1,0,1
219036_at,CEP70,1,0,0
219053_s_at,VPS37C,1,0,0
219090_at,SLC24A3,0,-1,0
219104_at,RNF141,1,1,0
219109_at,SPAG16,0,-1,0
219115_s_at,IL20RA,1,0,0
219148_at,PBK,-1,0,0
219197_s_at,SCUBE2,0,-1,-1
219257_s_at,SPHK1,-1,0,0
219266_at,ZNF350,1,0,0
219288_at,C3orf14,1,0,0
219295_s_at,PCOLCE2,-1,0,1
219300_s_at,CNTNAP2,1,0,0
219301_s_at,CNTNAP2,1,0,0
219303_at,RNF219,-1,0,0
219306_at,KIF15,-1,0,0
219327_s_at,GPRC5C,1,0,0
219342_at,CASD1,1,0,0
219359_at,PGGHG,0,-1,-1
219387_at,CCDC88A,-1,0,0
219403_s_at,HPSE,-1,0,0
219434_at,TREM1,0,0,1
219474_at,C3orf52,0,-1,0
219479_at,POGLUT2,-1,0,0
219481_at,TTC13,-1,0,0
219497_s_at,BCL11A,-1,0,1
219522_at,FJX1,-1,0,0
219529_at,CLIC3,1,1,0
219540_at,ZNF267,-1,0,0
219543_at,PBLD,1,0,0
219570_at,KIF16B,0,0,-1
219572_at,CADPS2,1,0,0
219587_at,TTC12,1,0,0
219607_s_at,MS4A4A,-1,0,1
219648_at,MREG,0,0,-1
219654_at,HACD1,-1,0,1
219734_at,SIDT1,1,0,-1
219736_at,TRIM36,1,1,0
219747_at,NDNF,1,0,0
219768_at,VTCN1,-1,0,0
219777_at,GIMAP6,-1,0,0
219795_at,SLC6A14,-1,0,1
219806_s_at,SMCO4,0,1,1
219825_at,CYP26B1,-1,0,1
219913_s_at,CRNKL1,0,0,-1
219918_s_at,ASPM,-1,0,0
219947_at,CLEC4A,-1,0,0
219956_at,GALNT6,1,0,-1
219962_at,ACE2,1,1,0
219974_x_at,ECHDC1,-1,0,0
219983_at,PLAAT1,0,1,0
219984_s_at,PLAAT1,0,1,0
220030_at,STYK1,0,1,0
220177_s_at,TMPRSS3,-1,0,0
220192_x_at,SPDEF,1,0,-1
220196_at,MUC16,0,0,1
220239_at,KLHL7,-1,0,1
220330_s_at,SAMSN1,-1,0,0
220532_s_at,TMEM176B,-1,-1,0
220559_at,EN1,-1,0,1
220615_s_at,FAR2,1,1,0
220622_at,LRRC31,1,0,0
220625_s_at,ELF5,-1,0,0
220940_at,ANKRD36B,-1,0,0
220979_s_at,ST6GALNAC5,-1,0,0
221009_s_at,ANGPTL4,0,0,1
221016_s_at,TCF7L1,-1,0,1
221024_s_at,SLC2A10,1,0,-1
221042_s_at,CLMN,0,1,0
221122_at,PLAAT2,1,0,0
221185_s_at,IQCG,0,0,1
221207_s_at,NBEA,0,-1,-1
221230_s_at,ARID4B,0,-1,0
221276_s_at,SYNC,1,0,0
221489_s_at,SPRY4,1,1,0
221505_at,ANP32E,-1,-1,0
221510_s_at,GLS,-1,0,1
221522_at,ANKRD27,-1,0,0
221524_s_at,RRAGD,0,0,1
221563_at,DUSP10,1,0,0
221577_x_at,GDF15,0,0,-1
221583_s_at,KCNMA1,1,1,0
221584_s_at,KCNMA1,1,0,0
221589_s_at,ALDH6A1,1,0,-1
221669_s_at,ACAD8,1,0,0
221728_x_at,XIST,0,0,-1
221811_at,PGAP3,1,0,0
221823_at,C5orf30,0,-1,-1
221854_at,PKP1,-1,0,0
221865_at,TMEM268,1,1,0
221872_at,RARRES1,0,0,1
221874_at,KIAA1324,1,0,-1
221880_s_at,FAM174B,1,0,-1
221922_at,GPSM2,-1,0,0
221927_s_at,ABHD11,1,0,0
221931_s_at,SEH1L,-1,0,0
221934_s_at,DALRD3,1,0,0
221942_s_at,GUCY1A1,0,1,0
221959_at,FAM110B,1,0,0
222039_at,KIF18B,-1,0,0
222062_at,IL27RA,-1,0,0
222108_at,AMIGO2,0,-1,-1
222116_s_at,TBC1D16,1,0,0
222201_s_at,CASP8AP2,-1,0,0
222209_s_at,TMEM135,1,0,-1
222235_s_at,CSGALNACT2,-1,0,0
222240_s_at,ISYNA1,0,-1,0
222257_s_at,ACE2,1,1,0
222258_s_at,SH3BP4,1,0,0
32128_at,CCL18,0,0,1
33322_i_at,SFN,-1,0,0
35147_at,MCF2L,0,-1,-1
36936_at,TSTA3,1,0,0
39817_s_at,DNPH1,-1,0,0
41660_at,CELSR1,0,-1,-1
44790_s_at,RUBCNL,-1,0,0
51158_at,FAM174B,1,0,-1
55081_at,MICALL1,0,0,1
55616_at,PGAP3,1,0,0
74694_s_at,RABEP2,1,0,0
